{"model":{"version":3,"nodes":[{"name":"RootNode","position":[0,0,0],"rotation":[0,0,0],"scale":[0.0254,0.0254,0.0254],"scaleCompensation":false},{"name":"Master","position":[944.666,1461.43,6.38812e-05],"rotation":[9.33467e-06,-0,0],"scale":[1,1,1],"scaleCompensation":false},{"name":"Side","position":[823.17,-8.7417,1.04208e-06],"rotation":[0,0,0],"scale":[1,1,1],"scaleCompensation":false},{"name":"Win","position":[934.748,1406.23,5.98607e-05],"rotation":[-90,-0,0],"scale":[1,1,1],"scaleCompensation":false}],"parents":[-1,0,1,0],"skins":[{"inverseBindMatrices":[[1,-0,0,0,0,1,-1.62921e-07,0,0,1.62921e-07,1,0,-944.666,-1461.43,0.000174216,1],[1,-0,0,0,0,1,-1.62921e-07,0,0,1.62921e-07,1,0,-2149.53,-1461.43,0.000174216,1]],"boneNames":["Master","Side"]}],"morphs":[],"vertices":[{"position":{"type":"float32","components":3,"data":[245.244,900.914,7.91988e-05,400.923,693.067,6.14683e-05,400.923,900.914,7.91988e-05,245.244,693.067,6.14683e-05,912.702,693.067,6.14683e-05,912.702,900.914,7.91988e-05,1424.48,900.914,7.91988e-05,1424.48,693.067,6.14683e-05,1589.1,900.914,7.91988e-05,1589.1,693.067,6.14683e-05,245.244,1406.23,6.14683e-05,400.923,1406.23,6.14683e-05,1424.48,1406.23,6.14683e-05,1589.1,1406.23,6.14683e-05,245.244,1938.52,4.05225e-05,400.923,1938.52,4.05225e-05,1424.48,1938.52,4.05225e-05,1589.1,1938.52,4.05225e-05,400.923,2119.39,6.14683e-05,245.244,2119.39,6.14683e-05,912.702,2119.39,6.14683e-05,912.702,1938.52,4.05225e-05,1424.48,2119.39,6.14683e-05,1589.1,2119.39,6.14683e-05]},"normal":{"type":"float32","components":3,"data":[0,-2.51088e-08,1,0,-8.53057e-08,1,0,-4.51744e-08,1,0,-8.53057e-08,1,0,-8.53057e-08,1,0,-8.53057e-08,1,0,-4.51744e-08,1,0,-8.53057e-08,1,0,-2.51088e-08,1,0,-8.53057e-08,1,0,3.72193e-08,1,0,3.72193e-08,1,0,3.72193e-08,1,0,3.72193e-08,1,0,-3.82259e-08,1,0,-6.40847e-08,1,0,-6.40847e-08,1,0,-3.82259e-08,1,0,-1.15802e-07,1,0,-1.15802e-07,1,0,-1.15802e-07,1,0,-1.15802e-07,1,0,-1.15802e-07,1,0,-1.15802e-07,1]},"blendIndices":{"type":"uint8","components":4,"data":[0,0,0,0,0,0,0,0,0,0,0,0,0,0,0,0,1,0,0,0,1,0,0,0,1,0,0,0,1,0,0,0,1,0,0,0,1,0,0,0,0,0,0,0,0,0,0,0,1,0,0,0,1,0,0,0,0,0,0,0,0,0,0,0,1,0,0,0,1,0,0,0,0,0,0,0,0,0,0,0,1,0,0,0,1,0,0,0,1,0,0,0,1,0,0,0]},"blendWeight":{"type":"float32","components":4,"data":[1,0,0,0,1,0,0,0,1,0,0,0,1,0,0,0,0.56,0.44,0,0,0.56,0.44,0,0,1,0,0,0,1,0,0,0,1,0,0,0,1,0,0,0,1,0,0,0,1,0,0,0,1,0,0,0,1,0,0,0,1,0,0,0,1,0,0,0,1,0,0,0,1,0,0,0,1,0,0,0,1,0,0,0,0.56,0.44,0,0,0.56,0.44,0,0,1,0,0,0,1,0,0,0]},"texCoord0":{"type":"float32","components":2,"data":[0,0.25,0.25,0,0.25,0.25,0,0,0.5,0,0.5,0.25,0.75,0.25,0.75,0,1,0.25,1,0,0,0.5,0.25,0.5,0.75,0.5,1,0.5,0,0.75,0.25,0.75,0.75,0.75,1,0.75,0.25,1,0,1,0.5,1,0.5,0.75,0.75,1,1,1]}}],"meshes":[{"aabb":{"min":[245.244,693.067,4.05225e-05],"max":[1589.1,2119.39,7.91988e-05]},"vertices":0,"skin":0,"indices":[0,1,2,1,0,3,2,4,5,4,2,1,6,5,4,6,4,7,8,6,7,8,7,9,10,0,11,11,0,2,12,6,13,13,6,8,14,11,15,11,14,10,16,12,17,17,12,13,18,19,14,18,14,15,20,18,15,20,15,21,22,20,21,22,21,16,23,22,16,23,16,17],"type":"triangles","base":0,"count":72}],"meshInstances":[{"node":3,"mesh":0}]}}